Team,Year,Player Name
Australia,1998,Mark Waugh
Australia,1998,Adam Gilchrist
Australia,1998,Ricky Ponting
Australia,1998,Brendon Julian
Australia,1998,Darren Lehmann
Australia,1998,Steve Waugh
Australia,1998,Michael Bevan
Australia,1998,Damien Martyn
Australia,1998,Brad Young
Australia,1998,Michael Kasprowicz
Australia,1998,Damien Fleming
Australia,2000,Steve Waugh
Australia,2000,Adam Gilchrist
Australia,2000,Michael Bevan
Australia,2000,Damien Martyn
Australia,2000,Ricky Ponting
Australia,2000,Ian Harvey
Australia,2000,Shane Lee
Australia,2000,Andrew Symonds
Australia,2000,Mark Waugh
Australia,2000,Jason Gillespie
Australia,2000,Brett Lee
Australia,2000,Glenn McGrath
Australia,2000,Brad Young
Australia,2000,Mark Higgs
Australia,2002,Adam Gilchrist
Australia,2002,Matthew Hayden
Australia,2002,Ricky Ponting
Australia,2002,Jimmy Maher
Australia,2002,Damien Martyn
Australia,2002,Darren Lehmann
Australia,2002,Michael Bevan
Australia,2002,Shane Watson
Australia,2002,Shane Warne
Australia,2002,Brett Lee
Australia,2002,Jason Gillespie
Australia,2002,Glenn McGrath
Australia,2004,Adam Gilchrist
Australia,2004,Matthew Hayden
Australia,2004,Ricky Ponting
Australia,2004,Shane Watson
Australia,2004,Darren Lehmann
Australia,2004,Andrew Symonds
Australia,2004,Damien Martyn
Australia,2004,Michael Clarke
Australia,2004,Michael Kasprowicz
Australia,2004,Brett Lee
Australia,2004,Jason Gillespie
Australia,2004,Glenn McGrath
Australia,2006,Adam Gilchrist
Australia,2006,Shane Watson
Australia,2006,Ricky Ponting
Australia,2006,Damien Martyn
Australia,2006,Andrew Symonds
Australia,2006,Michael Clarke
Australia,2006,Michael Hussey
Australia,2006,Brad Hogg
Australia,2006,Brett Lee
Australia,2006,Nathan Bracken
Australia,2006,Glenn McGrath
Australia,2006,Mitchell Johnson
Australia,2009,Ricky Ponting
Australia,2009,Callum Ferguson
Australia,2009,Michael Hussey
Australia,2009,Tim Paine
Australia,2009,Adam Voges
Australia,2009,Cameron White
Australia,2009,James Hopes
Australia,2009,David Hussey
Australia,2009,Shane Watson
Australia,2009,Doug Bollinger
Australia,2009,Nathan Hauritz
Australia,2009,Ben Hilfenhaus
Australia,2009,Mitchell Johnson
Australia,2009,Brett Lee
Australia,2009,Peter Siddle
Australia,2013,Michael Clarke
Australia,2013,George Bailey
Australia,2013,Phillip Hughes
Australia,2013,Adam Voges
Australia,2013,Matthew Wade
Australia,2013,David Warner
Australia,2013,Nathan Coulter-Nile
Australia,2013,James Faulkner
Australia,2013,Mitchell Marsh
Australia,2013,Glenn Maxwell
Australia,2013,Shane Watson
Australia,2013,Xavier Doherty
Australia,2013,Mitchell Johnson
Australia,2013,Clint McKay
Australia,2013,Mitchell Starc
Australia,2017,Steven Smith
Australia,2017,David Warner
Australia,2017,Aaron Finch
Australia,2017,Travis Head
Australia,2017,Chris Lynn
Australia,2017,Matthew Wade
Australia,2017,John Hastings
Australia,2017,Moises Henriques
Australia,2017,Glenn Maxwell
Australia,2017,Marcus Stoinis
Australia,2017,Pat Cummins
Australia,2017,Josh Hazlewood
Australia,2017,James Pattinson
Australia,2017,Mitchell Starc
Australia,2017,Adam Zampa
Bangladesh,2000,Akram Khan
Bangladesh,2000,Al Sahariar
Bangladesh,2000,Aminul Islam
Bangladesh,2000,Habibul Bashar
Bangladesh,2000,Javed Omer
Bangladesh,2000,Khaled Mashud
Bangladesh,2000,Naimur Rahman
Bangladesh,2000,Mohammad Rafique
Bangladesh,2000,Enamul Haque
Bangladesh,2000,Hasibul Hossain
Bangladesh,2000,Manjurul Islam
Bangladesh,2000,Mushfiqur Rahman
Bangladesh,2000,Ranjan Das
Bangladesh,2000,Shahriar Hossain
Bangladesh,2002,Javed Omer
Bangladesh,2002,Al Sahariar
Bangladesh,2002,Habibul Bashar
Bangladesh,2002,Mazharul Haque
Bangladesh,2002,Tushar Imran
Bangladesh,2002,Khaled Mashud
Bangladesh,2002,Alok Kapali
Bangladesh,2002,Khaled Mahmud
Bangladesh,2002,Mohammad Rafique
Bangladesh,2002,Tapash Baisya
Bangladesh,2002,Manjurul Islam
Bangladesh,2002,Mohammad Ashraful
Bangladesh,2002,Fahim Muntasir
Bangladesh,2002,Talha Jubair
Bangladesh,2004,Javed Omer
Bangladesh,2004,Mohammad Ashraful
Bangladesh,2004,Nafees Iqbal
Bangladesh,2004,Rajin Saleh
Bangladesh,2004,Aftab Ahmed
Bangladesh,2004,Khaled Mahmud
Bangladesh,2004,Khaled Mashud
Bangladesh,2004,Manzarul Islam
Bangladesh,2004,Mushfiqur Rahman
Bangladesh,2004,Mohammad Rafique
Bangladesh,2004,Tapash Baisya
Bangladesh,2004,Nazmul Hossain
Bangladesh,2006,Shahriar Nafees
Bangladesh,2006,Mohammad Ashraful
Bangladesh,2006,Rajin Saleh
Bangladesh,2006,Aftab Ahmed
Bangladesh,2006,Shakib Al Hasan
Bangladesh,2006,Habibul Bashar
Bangladesh,2006,Mehrab Hossain jnr
Bangladesh,2006,Farhad Reza
Bangladesh,2006,Khaled Mashud
Bangladesh,2006,Mohammad Rafique
Bangladesh,2006,Mashrafe Mortaza
Bangladesh,2006,Abdur Razzak
Bangladesh,2006,Syed Rasel
Bangladesh,2017,Imrul Kayes
Bangladesh,2017,Mosaddek Hossain
Bangladesh,2017,Mushfiqur Rahim
Bangladesh,2017,Sabbir Rahman
Bangladesh,2017,Tamim Iqbal
Bangladesh,2017,Mahmudullah
Bangladesh,2017,Mehidy Hasan Miraz
Bangladesh,2017,Shakib Al Hasan
Bangladesh,2017,Soumya Sarkar
Bangladesh,2017,Mashrafe Mortaza
Bangladesh,2017,Mustafizur Rahman
Bangladesh,2017,Rubel Hossain
Bangladesh,2017,Shafiul Islam
Bangladesh,2017,Sunzamul Islam
Bangladesh,2017,Taskin Ahmed
England,1998,Nick Knight
England,1998,Ali Brown
England,1998,Mark Ealham
England,1998,Graeme Hick
England,1998,Neil Fairbrother
England,1998,Graham Lloyd
England,1998,Adam Hollioake
England,1998,Jack Russell
England,1998,Ashley Giles
England,1998,Peter Martin
England,1998,Ian Austin
England,2000,Nasser Hussain
England,2000,Graeme Hick
England,2000,Vikram Solanki
England,2000,Alec Stewart
England,2000,Graham Thorpe
England,2000,Marcus Trescothick
England,2000,Mark Ealham
England,2000,Andrew Flintoff
England,2000,Craig White
England,2000,Andy Caddick
England,2000,Ashley Giles
England,2000,Darren Gough
England,2000,Matthew Hoggard
England,2000,Mark Alleyne
England,2000,Paul Grayson
England,2002,Marcus Trescothick
England,2002,Nick Knight
England,2002,Nasser Hussain
England,2002,Ronnie Irani
England,2002,Ashley Giles
England,2002,Ian Blackwell
England,2002,Owais Shah
England,2002,Alec Stewart
England,2002,Dominic Cork
England,2002,Jeremy Snape
England,2002,Andy Caddick
England,2002,Matthew Hoggard
England,2004,Marcus Trescothick
England,2004,Vikram Solanki
England,2004,Michael Vaughan
England,2004,Andrew Strauss
England,2004,Andrew Flintoff
England,2004,Paul Collingwood
England,2004,Geraint Jones
England,2004,Ashley Giles
England,2004,Alex Wharf
England,2004,Darren Gough
England,2004,Steve Harmison
England,2006,Andrew Strauss
England,2006,Ian Bell
England,2006,Andrew Flintoff
England,2006,Michael Yardy
England,2006,Kevin Pietersen
England,2006,Paul Collingwood
England,2006,Jamie Dalrymple
England,2006,Jon Lewis
England,2006,Chris Read
England,2006,Sajid Mahmood
England,2006,Steve Harmison
England,2006,James Anderson
England,2009,Andrew Strauss
England,2009,Steven Davies
England,2009,Joe Denly
England,2009,Eoin Morgan
England,2009,Owais Shah
England,2009,Luke Wright
England,2009,Ravi Bopara
England,2009,Tim Bresnan
England,2009,Paul Collingwood
England,2009,James Anderson
England,2009,Stuart Broad
England,2009,Graham Onions
England,2009,Adil Rashid
England,2009,Ryan Sidebottom
England,2009,Graeme Swann
England,2013,Alastair Cook
England,2013,Jonny Bairstow
England,2013,Ian Bell
England,2013,Jos Buttler
England,2013,Eoin Morgan
England,2013,Joe Root
England,2013,Jonathan Trott
England,2013,Ravi Bopara
England,2013,Tim Bresnan
England,2013,James Tredwell
England,2013,Chris Woakes
England,2013,James Anderson
England,2013,Stuart Broad
England,2013,Steven Finn
England,2013,Graeme Swann
England,2017,Eoin Morgan
England,2017,Jonny Bairstow
England,2017,Sam Billings
England,2017,Jos Buttler
England,2017,Alex Hales
England,2017,Joe Root
England,2017,Jason Roy
England,2017,Moeen Ali
England,2017,Ben Stokes
England,2017,David Willey
England,2017,Jake Ball
England,2017,Steven Finn
England,2017,Liam Plunkett
England,2017,Adil Rashid
England,2017,Mark Wood
India,1998,Sourav Ganguly
India,1998,Sachin Tendulkar
India,1998,Mohammad Azharuddin
India,1998,Rahul Dravid
India,1998,Ajay Jadeja
India,1998,Robin Singh
India,1998,Ajit Agarkar
India,1998,Sunil Joshi
India,1998,Javagal Srinath
India,1998,Nayan Mongia
India,1998,Anil Kumble
India,2000,Sourav Ganguly
India,2000,Hemang Badani
India,2000,Rahul Dravid
India,2000,Vinod Kambli
India,2000,Sridharan Sriram
India,2000,Sachin Tendulkar
India,2000,Yuvraj Singh
India,2000,Sunil Joshi
India,2000,Robin Singh
India,2000,Ajit Agarkar
India,2000,Zaheer Khan
India,2000,Anil Kumble
India,2000,Venkatesh Prasad
India,2000,Vijay Dahiya
India,2002,Sourav Ganguly
India,2002,VVS Laxman
India,2002,Virender Sehwag
India,2002,Dinesh Mongia
India,2002,Sachin Tendulkar
India,2002,Rahul Dravid
India,2002,Javagal Srinath
India,2002,Yuvraj Singh
India,2002,Mohammad Kaif
India,2002,Anil Kumble
India,2002,Harbhajan Singh
India,2002,Zaheer Khan
India,2002,Ashish Nehra
India,2004,Sourav Ganguly
India,2004,Virender Sehwag
India,2004,VVS Laxman
India,2004,Rohan Gavaskar
India,2004,Yuvraj Singh
India,2004,Mohammad Kaif
India,2004,Rahul Dravid
India,2004,Dinesh Karthik
India,2004,Harbhajan Singh
India,2004,Irfan Pathan
India,2004,Ajit Agarkar
India,2004,Ashish Nehra
India,2006,Dinesh Mongia
India,2006,Virender Sehwag
India,2006,Sachin Tendulkar
India,2006,Irfan Pathan
India,2006,Rahul Dravid
India,2006,Mohammad Kaif
India,2006,Yuvraj Singh
India,2006,Sreesanth
India,2006,RP Singh
India,2006,MS Dhoni
India,2006,Suresh Raina
India,2006,Harbhajan Singh
India,2006,Ajit Agarkar
India,2006,Ramesh Powar
India,2006,Munaf Patel
India,2009,MS Dhoni
India,2009,Rahul Dravid
India,2009,Gautam Gambhir
India,2009,Dinesh Karthik
India,2009,Virat Kohli
India,2009,Suresh Raina
India,2009,Sachin Tendulkar
India,2009,Abhishek Nayar
India,2009,Yusuf Pathan
India,2009,Harbhajan Singh
India,2009,Praveen Kumar
India,2009,Amit Mishra
India,2009,Ashish Nehra
India,2009,Ishant Sharma
India,2009,RP Singh
India,2013,MS Dhoni
India,2013,Shikhar Dhawan
India,2013,Dinesh Karthik
India,2013,Virat Kohli
India,2013,Suresh Raina
India,2013,Rohit Sharma
India,2013,Murali Vijay
India,2013,Ravichandran Ashwin
India,2013,Ravindra Jadeja
India,2013,Irfan Pathan
India,2013,Bhuvneshwar Kumar
India,2013,Amit Mishra
India,2013,Ishant Sharma
India,2013,Vinay Kumar
India,2013,Umesh Yadav
India,2017,Eoin Morgan
India,2017,Jonny Bairstow
India,2017,Sam Billings
India,2017,Jos Buttler
India,2017,Alex Hales
India,2017,Joe Root
India,2017,Jason Roy
India,2017,Moeen Ali
India,2017,Ben Stokes
India,2017,David Willey
India,2017,Jake Ball
India,2017,Steven Finn
India,2017,Liam Plunkett
India,2017,Adil Rashid
India,2017,Mark Wood
Kenya,2000,Hitesh Modi
Kenya,2000,Kennedy Otieno
Kenya,2000,Ravi Shah
Kenya,2000,Maurice Odumbe
Kenya,2000,Thomas Odoyo
Kenya,2000,Tony Suji
Kenya,2000,Steve Tikolo
Kenya,2000,Jimmy Kamande
Kenya,2000,Peter Ongondo
Kenya,2000,Lameck Onyango
Kenya,2000,Martin Suji
Kenya,2000,Josephat Ababu
Kenya,2000,Mohammad Sheikh
Kenya,2002,Kennedy Otieno
Kenya,2002,Ravi Shah
Kenya,2002,Brijal Patel
Kenya,2002,Steve Tikolo
Kenya,2002,Maurice Odumbe
Kenya,2002,Thomas Odoyo
Kenya,2002,David Obuya
Kenya,2002,Collins Obuya
Kenya,2002,Jimmy Kamande
Kenya,2002,Tony Suji
Kenya,2002,Martin Suji
Kenya,2002,Joseph Angara
Kenya,2004,Kennedy Otieno
Kenya,2004,Malhar Patel
Kenya,2004,Ravi Shah
Kenya,2004,Steve Tikolo
Kenya,2004,Hitesh Modi
Kenya,2004,Thomas Odoyo
Kenya,2004,Ragheb Aga
Kenya,2004,Morris Ouma
Kenya,2004,Brijal Patel
Kenya,2004,Martin Suji
Kenya,2004,Peter Ongondo
Kenya,2004,Tony Suji
Netherlands,2002,Robert van Oosterom
Netherlands,2002,Henk-Jan Mol
Netherlands,2002,Feiko Kloppenburg
Netherlands,2002,Daan van Bunge
Netherlands,2002,Bas Zuiderent
Netherlands,2002,Tim de Leede
Netherlands,2002,Reinout Scholte
Netherlands,2002,Luuk van Troost
Netherlands,2002,Jacob-Jan Esmeijer
Netherlands,2002,Adeel Raja
Netherlands,2002,Edgar Schiferli
Netherlands,2002,Roland Lefebvre
Netherlands,2002,Victor Grandia
New Zealand,1998,Matthew Bell
New Zealand,1998,Nathan Astle
New Zealand,1998,Steven Fleming
New Zealand,1998,Craig McMillan
New Zealand,1998,Adam Parore
New Zealand,1998,Chris Harris
New Zealand,1998,Alex Tait
New Zealand,1998,Geoff Allott
New Zealand,1998,Mark Bailey
New Zealand,1998,Daniel Vettori
New Zealand,1998,Simon Doull
New Zealand,1998,Paul Wiseman
New Zealand,2000,Stephen Fleming
New Zealand,2000,Nathan Astle
New Zealand,2000,Craig McMillan
New Zealand,2000,Chris Nevin
New Zealand,2000,Adam Parore
New Zealand,2000,Craig Spearman
New Zealand,2000,Roger Twose
New Zealand,2000,Chris Cairns
New Zealand,2000,Chris Harris
New Zealand,2000,Dion Nash
New Zealand,2000,Scott Styris
New Zealand,2000,Geoff Allott
New Zealand,2000,Paul Wiseman
New Zealand,2000,Glen Sulzberger
New Zealand,2002,Stephen Fleming
New Zealand,2002,Nathan Astle
New Zealand,2002,Mathew Sinclair
New Zealand,2002,Lou Vincent
New Zealand,2002,Scott Styris
New Zealand,2002,Chris Harris
New Zealand,2002,Jacob Oram
New Zealand,2002,Daniel Vettori
New Zealand,2002,Kyle Mills
New Zealand,2002,Daryl Tuffey
New Zealand,2002,Paul Hitchcock
New Zealand,2002,Shane Bond
New Zealand,2004,Stephen Fleming
New Zealand,2004,Nathan Astle
New Zealand,2004,Hamish Marshall
New Zealand,2004,Scott Styris
New Zealand,2004,Chris Cairns
New Zealand,2004,Craig McMillan
New Zealand,2004,Kyle Mills
New Zealand,2004,Jacob Oram
New Zealand,2004,Brendon McCullum
New Zealand,2004,Chris Harris
New Zealand,2004,Daniel Vettori
New Zealand,2004,Daryl Tuffey
New Zealand,2006,Lou Vincent
New Zealand,2006,Stephen Fleming
New Zealand,2006,Scott Styris
New Zealand,2006,Nathan Astle
New Zealand,2006,Shane Bond
New Zealand,2006,Hamish Marshall
New Zealand,2006,Peter Fulton
New Zealand,2006,Jacob Oram
New Zealand,2006,Brendon McCullum
New Zealand,2006,Daniel Vettori
New Zealand,2006,James Franklin
New Zealand,2006,Kyle Mills
New Zealand,2006,Jeetan Patel
New Zealand,2009,Neil Broom
New Zealand,2009,Brendon Diamanti
New Zealand,2009,Martin Guptill
New Zealand,2009,Gareth Hopkins
New Zealand,2009,Brendon McCullum
New Zealand,2009,Aaron Redmond
New Zealand,2009,Ross Taylor
New Zealand,2009,Daniel Vettori
New Zealand,2009,Grant Elliott
New Zealand,2009,James Franklin
New Zealand,2009,Shane Bond
New Zealand,2009,Ian Butler
New Zealand,2009,Kyle Mills
New Zealand,2009,Iain O'Brien
New Zealand,2009,Jeetan Patel
New Zealand,2013,Brendon McCullum
New Zealand,2013,Martin Guptill
New Zealand,2013,Colin Munro
New Zealand,2013,Luke Ronchi
New Zealand,2013,Ross Taylor
New Zealand,2013,Kane Williamson
New Zealand,2013,Corey Anderson
New Zealand,2013,James Franklin
New Zealand,2013,Daniel Vettori
New Zealand,2013,Doug Bracewell
New Zealand,2013,Ian Butler
New Zealand,2013,Mitchell McClenaghan
New Zealand,2013,Nathan McCullum
New Zealand,2013,Kyle Mills
New Zealand,2013,Tim Southee
New Zealand,2017,Kane Williamson
New Zealand,2017,Neil Broom
New Zealand,2017,Martin Guptill
New Zealand,2017,Tom Latham
New Zealand,2017,Luke Ronchi
New Zealand,2017,Ross Taylor
New Zealand,2017,Corey Anderson
New Zealand,2017,Colin de Grandhomme
New Zealand,2017,James Neesham
New Zealand,2017,Mitchell Santner
New Zealand,2017,Trent Boult
New Zealand,2017,Mitchell McClenaghan
New Zealand,2017,Adam Milne
New Zealand,2017,Jeetan Patel
New Zealand,2017,Tim Southee
Pakistan,1998,Shahid Afridi
Pakistan,1998,Saleem Elahi
Pakistan,1998,Azhar Mahmood
Pakistan,1998,Aamer Sohail
Pakistan,1998,Ijaz Ahmed
Pakistan,1998,Akhtar Sarfraz
Pakistan,1998,Saleem Malik
Pakistan,1998,Wasim Akram
Pakistan,1998,Moin Khan
Pakistan,1998,Saqlain Mushtaq
Pakistan,1998,Arshad Khan
Pakistan,2000,Moin Khan
Pakistan,2000,Faisal Iqbal
Pakistan,2000,Ijaz Ahmed
Pakistan,2000,Imran Nazir
Pakistan,2000,Inzamam-ul-Haq
Pakistan,2000,Mohammad Yousuf
Pakistan,2000,Saeed Anwar
Pakistan,2000,Saleem Elahi
Pakistan,2000,Abdul Razzaq
Pakistan,2000,Azhar Mahmood
Pakistan,2000,Arshad Khan
Pakistan,2000,Saqlain Mushtaq
Pakistan,2000,Waqar Younis
Pakistan,2000,Wasim Akram
Pakistan,2002,Saeed Anwar
Pakistan,2002,Shahid Afridi
Pakistan,2002,Shoaib Malik
Pakistan,2002,Mohammad Yousuf
Pakistan,2002,Younis Khan
Pakistan,2002,Rashid Latif
Pakistan,2002,Misbah-ul-Haq
Pakistan,2002,Abdul Razzaq
Pakistan,2002,Wasim Akram
Pakistan,2002,Waqar Younis
Pakistan,2002,Shoaib Akhtar
Pakistan,2004,Yasir Hameed
Pakistan,2004,Imran Farhat
Pakistan,2004,Shoaib Malik
Pakistan,2004,Shahid Afridi
Pakistan,2004,Abdul Razzaq
Pakistan,2004,Salman Butt
Pakistan,2004,Inzamam-ul-Haq
Pakistan,2004,Mohammad Yousuf
Pakistan,2004,Moin Khan
Pakistan,2004,Naved-ul-Hasan
Pakistan,2004,Mohammad Sami
Pakistan,2004,Shoaib Akhtar
Pakistan,2006,Mohammad Hafeez
Pakistan,2006,Imran Farhat
Pakistan,2006,Younis Khan
Pakistan,2006,Mohammad Yousuf
Pakistan,2006,Yasir Arafat
Pakistan,2006,Shahid Afridi
Pakistan,2006,Shoaib Malik
Pakistan,2006,Kamran Akmal
Pakistan,2006,Abdul Razzaq
Pakistan,2006,Naved-ul-Hasan
Pakistan,2006,Iftikhar Anjum
Pakistan,2006,Umar Gul
Pakistan,2009,Younis Khan
Pakistan,2009,Fawad Alam
Pakistan,2009,Imran Nazir
Pakistan,2009,Kamran Akmal
Pakistan,2009,Misbah-ul-Haq
Pakistan,2009,Mohammad Yousuf
Pakistan,2009,Umar Akmal
Pakistan,2009,Shahid Afridi
Pakistan,2009,Shoaib Malik
Pakistan,2009,Iftikhar Anjum
Pakistan,2009,Mohammad Amir
Pakistan,2009,Mohammad Asif
Pakistan,2009,Naved-ul-Hasan
Pakistan,2009,Saeed Ajmal
Pakistan,2009,Umar Gul
Pakistan,2013,Misbah-ul-Haq
Pakistan,2013,Asad Shafiq
Pakistan,2013,Imran Farhat
Pakistan,2013,Kamran Akmal
Pakistan,2013,Nasir Jamshed
Pakistan,2013,Umar Amin
Pakistan,2013,Mohammad Hafeez
Pakistan,2013,Shoaib Malik
Pakistan,2013,Abdur Rehman
Pakistan,2013,Asad Ali
Pakistan,2013,Ehsan Adil
Pakistan,2013,Junaid Khan
Pakistan,2013,Mohammad Irfan
Pakistan,2013,Saeed Ajmal
Pakistan,2013,Wahab Riaz
Pakistan,2017,Sarfaraz Ahmed
Pakistan,2017,Ahmed Shehzad
Pakistan,2017,Azhar Ali
Pakistan,2017,Babar Azam
Pakistan,2017,Fakhar Zaman
Pakistan,2017,Haris Sohail
Pakistan,2017,Faheem Ashraf
Pakistan,2017,Imad Wasim
Pakistan,2017,Mohammad Hafeez
Pakistan,2017,Shadab Khan
Pakistan,2017,Shoaib Malik
Pakistan,2017,Hasan Ali
Pakistan,2017,Junaid Khan
Pakistan,2017,Mohammad Amir
Pakistan,2017,Rumman Raees
South Africa,1998,Daryll Cullinan
South Africa,1998,Mike Rindel
South Africa,1998,Jacques Kallis
South Africa,1998,Hansie Cronje
South Africa,1998,Jonty Rhodes
South Africa,1998,Dale Benkenstein
South Africa,1998,Derek Crookes
South Africa,1998,Pat Symcox
South Africa,1998,Mark Boucher
South Africa,1998,Nicky Boje
South Africa,1998,Alan Dawson
South Africa,1998,Steve Elworthy
South Africa,2000,Mark Boucher
South Africa,2000,Boeta Dippenaar
South Africa,2000,Gary Kirsten
South Africa,2000,Neil McKenzie
South Africa,2000,Jonty Rhodes
South Africa,2000,Shaun Pollock
South Africa,2000,Andrew Hall
South Africa,2000,Jacques Kallis
South Africa,2000,Lance Klusener
South Africa,2000,Nicky Boje
South Africa,2000,Allan Donald
South Africa,2000,Makhaya Ntini
South Africa,2000,Roger Telemachus
South Africa,2000,Shafiek Abrahams
South Africa,2002,Graeme Smith
South Africa,2002,Dale Benkenstein
South Africa,2002,Makhaya Ntini
South Africa,2002,Herschelle Gibbs
South Africa,2002,Justin Ontong
South Africa,2002,Jacques Kallis
South Africa,2002,Boeta Dippenaar
South Africa,2002,Jonty Rhodes
South Africa,2002,Mark Boucher
South Africa,2002,Lance Klusener
South Africa,2002,Robin Peterson
South Africa,2002,Shaun Pollock
South Africa,2002,Nicky Boje
South Africa,2002,Alan Dawson
South Africa,2002,Allan Donald
South Africa,2004,Graeme Smith
South Africa,2004,Herschelle Gibbs
South Africa,2004,Jacques Kallis
South Africa,2004,Jacques Rudolph
South Africa,2004,Martin van Jaarsveld
South Africa,2004,Mark Boucher
South Africa,2004,Shaun Pollock
South Africa,2004,Lance Klusener
South Africa,2004,Nicky Boje
South Africa,2004,Charl Langeveldt
South Africa,2004,Makhaya Ntini
South Africa,2006,Loots Bosman
South Africa,2006,Graeme Smith
South Africa,2006,AB de Villiers
South Africa,2006,Boeta Dippenaar
South Africa,2006,Herschelle Gibbs
South Africa,2006,Jacques Kallis
South Africa,2006,Mark Boucher
South Africa,2006,Charl Langeveldt
South Africa,2006,Justin Kemp
South Africa,2006,Shaun Pollock
South Africa,2006,Andrew Hall
South Africa,2006,Robin Peterson
South Africa,2006,Andre Nel
South Africa,2006,Makhaya Ntini
South Africa,2009,Graeme Smith
South Africa,2009,Hashim Amla
South Africa,2009,Mark Boucher
South Africa,2009,AB de Villiers
South Africa,2009,Herschelle Gibbs
South Africa,2009,Johan Botha
South Africa,2009,Jean-Paul Duminy
South Africa,2009,Jacques Kallis
South Africa,2009,Albie Morkel
South Africa,2009,Roelof van der Merwe
South Africa,2009,Makhaya Ntini
South Africa,2009,Wayne Parnell
South Africa,2009,Robin Peterson
South Africa,2009,Dale Steyn
South Africa,2009,Lonwabo Tsotsobe
South Africa,2013,AB de Villiers
South Africa,2013,Hashim Amla
South Africa,2013,Faf du Plessis
South Africa,2013,Colin Ingram
South Africa,2013,David Miller
South Africa,2013,Alviro Petersen
South Africa,2013,Farhaan Behardien
South Africa,2013,Jean-Paul Duminy
South Africa,2013,Ryan McLaren
South Africa,2013,Chris Morris
South Africa,2013,Rory Kleinveldt
South Africa,2013,Robin Peterson
South Africa,2013,Aaron Phangiso
South Africa,2013,Dale Steyn
South Africa,2013,Lonwabo Tsotsobe
South Africa,2017,AB de Villiers
South Africa,2017,Hashim Amla
South Africa,2017,Quinton de Kock
South Africa,2017,Faf du Plessis
South Africa,2017,David Miller
South Africa,2017,Farhaan Behardien
South Africa,2017,Jean-Paul Duminy
South Africa,2017,Chris Morris
South Africa,2017,Andile Phehlukwayo
South Africa,2017,Dwaine Pretorius
South Africa,2017,Imran Tahir
South Africa,2017,Keshav Maharaj
South Africa,2017,Morne Morkel
South Africa,2017,Wayne Parnell
South Africa,2017,Kagiso Rabada
Sri Lanka,1998,Sanath Jayasuriya
Sri Lanka,1998,Romesh Kaluwitharana
Sri Lanka,1998,Marvan Atapattu
Sri Lanka,1998,Aravinda de Silva
Sri Lanka,1998,Arjuna Ranatunga
Sri Lanka,1998,Roshan Mahanama
Sri Lanka,1998,Upul Chandana
Sri Lanka,1998,Kumar Dharmasena
Sri Lanka,1998,Muthiah Muralidaran
Sri Lanka,1998,Chaminda Vaas
Sri Lanka,1998,Nuwan Zoysa
Sri Lanka,2000,Russel Arnold
Sri Lanka,2000,Marvan Atapattu
Sri Lanka,2000,Avishka Gunawardene
Sri Lanka,2000,Mahela Jayawardene
Sri Lanka,2000,Romesh Kaluwitharana
Sri Lanka,2000,Kumar Sangakkara
Sri Lanka,2000,Sanath Jayasuriya
Sri Lanka,2000,Kumar Dharmasena
Sri Lanka,2000,Upul Chandana
Sri Lanka,2000,Muthiah Muralidaran
Sri Lanka,2000,Eric Upashantha
Sri Lanka,2000,Chaminda Vaas
Sri Lanka,2000,Pramodya Wickramasinghe
Sri Lanka,2000,Nuwan Zoysa
Sri Lanka,2002,Sanath Jayasuriya
Sri Lanka,2002,Marvan Atapattu
Sri Lanka,2002,Kumar Sangakkara
Sri Lanka,2002,Aravinda de Silva
Sri Lanka,2002,Mahela Jayawardene
Sri Lanka,2002,Russel Arnold
Sri Lanka,2002,Upul Chandana
Sri Lanka,2002,Chaminda Vaas
Sri Lanka,2002,Muthiah Muralidaran
Sri Lanka,2002,Dilhara Fernando
Sri Lanka,2002,Pulasthi Gunaratne
Sri Lanka,2004,Avishka Gunawardene
Sri Lanka,2004,Sanath Jayasuriya
Sri Lanka,2004,Marvan Atapattu
Sri Lanka,2004,Saman Jayantha
Sri Lanka,2004,Kumar Sangakkara
Sri Lanka,2004,Mahela Jayawardene
Sri Lanka,2004,Tillakaratne Dilshan
Sri Lanka,2004,Upul Chandana
Sri Lanka,2004,Chaminda Vaas
Sri Lanka,2004,Farveez Maharoof
Sri Lanka,2004,Nuwan Zoysa
Sri Lanka,2006,Upul Tharanga
Sri Lanka,2006,Sanath Jayasuriya
Sri Lanka,2006,Mahela Jayawardene
Sri Lanka,2006,Kumar Sangakkara
Sri Lanka,2006,Chamara Kapugedera
Sri Lanka,2006,Marvan Atapattu
Sri Lanka,2006,Tillakaratne Dilshan
Sri Lanka,2006,Farveez Maharoof
Sri Lanka,2006,Chaminda Vaas
Sri Lanka,2006,Muthiah Muralidaran
Sri Lanka,2006,Lasith Malinga
Sri Lanka,2006,Ruchira Perera
Sri Lanka,2006,Dilhara Fernando
Sri Lanka,2009,Kumar Sangakkara
Sri Lanka,2009,Mahela Jayawardene
Sri Lanka,2009,Thilina Kandamby
Sri Lanka,2009,Chamara Kapugedera
Sri Lanka,2009,Thilan Samaraweera
Sri Lanka,2009,Upul Tharanga
Sri Lanka,2009,Tillakaratne Dilshan
Sri Lanka,2009,Sanath Jayasuriya
Sri Lanka,2009,Angelo Mathews
Sri Lanka,2009,Nuwan Kulasekara
Sri Lanka,2009,Lasith Malinga
Sri Lanka,2009,Ajantha Mendis
Sri Lanka,2009,Muthiah Muralidaran
Sri Lanka,2009,Dhammika Prasad
Sri Lanka,2009,Thilan Thushara
Sri Lanka,2013,Dinesh Chandimal
Sri Lanka,2013,Mahela Jayawardene
Sri Lanka,2013,Kusal Perera
Sri Lanka,2013,Kumar Sangakkara
Sri Lanka,2013,Lahiru Thirimanne
Sri Lanka,2013,Angelo Mathews
Sri Lanka,2013,Tillakaratne Dilshan
Sri Lanka,2013,Jeevan Mendis
Sri Lanka,2013,Thisara Perera
Sri Lanka,2013,Shaminda Eranga
Sri Lanka,2013,Rangana Herath
Sri Lanka,2013,Nuwan Kulasekara
Sri Lanka,2013,Lasith Malinga
Sri Lanka,2013,Sachithra Senanayake
Sri Lanka,2013,Dilhara Lokuhettige
Sri Lanka,2017,Upul Tharanga
Sri Lanka,2017,Dinesh Chandimal
Sri Lanka,2017,Niroshan Dickwella
Sri Lanka,2017,Asela Gunaratne
Sri Lanka,2017,Kusal Mendis
Sri Lanka,2017,Angelo Mathews
Sri Lanka,2017,Dhananjaya de Silva
Sri Lanka,2017,Danushka Gunathilaka
Sri Lanka,2017,Thisara Perera
Sri Lanka,2017,Seekkuge Prasanna
Sri Lanka,2017,Nuwan Pradeep
Sri Lanka,2017,Nuwan Kulasekara
Sri Lanka,2017,Suranga Lakmal
Sri Lanka,2017,Lasith Malinga
Sri Lanka,2017,Lakshan Sandakan
U.S.A.,2004,Rohan Alexander
U.S.A.,2004,Mark Johnson
U.S.A.,2004,Leon Romero
U.S.A.,2004,Steve Massiah
U.S.A.,2004,Richard Staple
U.S.A.,2004,Nasir Javed
U.S.A.,2004,Clayton Lambert
U.S.A.,2004,Donovam Blake
U.S.A.,2004,Jignesh Desai
U.S.A.,2004,Aijaz Ali
U.S.A.,2004,Rashid
U.S.A.,2004,Tony Reid
U.S.A.,2004,Howard Johnson
West Indies,1998,Philo Wallace
West Indies,1998,Stuart Williams
West Indies,1998,Shivnarine Chanderpaul
West Indies,1998,Brian Lara
West Indies,1998,Carl Hooper
West Indies,1998,Keith Arthurton
West Indies,1998,Phil Simmons
West Indies,1998,Ridley Jacobs
West Indies,1998,Rawl Lewis
West Indies,1998,Nixon McLean
West Indies,1998,Mervyn Dillon
West Indies,1998,Reon King
West Indies,2000,Courtney Browne
West Indies,2000,Sherwin Campbell
West Indies,2000,Wavell Hinds
West Indies,2000,Brian Lara
West Indies,2000,Marlon Samuels
West Indies,2000,Jimmy Adams
West Indies,2000,Mahendra Nagamootoo
West Indies,2000,Mervyn Dillon
West Indies,2000,Kerry Jeremy
West Indies,2000,Nixon McLean
West Indies,2000,Azeemul Haniff
West Indies,2000,Sylvester Joseph
West Indies,2000,Colin Stuart
West Indies,2000,Laurie Williams
West Indies,2002,Chris Gayle
West Indies,2002,Shivnarine Chanderpaul
West Indies,2002,Brian Lara
West Indies,2002,Carl Hooper
West Indies,2002,Ramnaresh Sarwan
West Indies,2002,Wavell Hinds
West Indies,2002,Ridley Jacobs
West Indies,2002,Mahendra Nagamootoo
West Indies,2002,Vasbert Drakes
West Indies,2002,Mervyn Dillon
West Indies,2002,Pedro Collins
West Indies,2004,Chris Gayle
West Indies,2004,Wavell Hinds
West Indies,2004,Ramnaresh Sarwan
West Indies,2004,Brian Lara
West Indies,2004,Ricardo Powell
West Indies,2004,Shivnarine Chanderpaul
West Indies,2004,Sylvester Joseph
West Indies,2004,Dwayne Bravo
West Indies,2004,Courtney Browne
West Indies,2004,Mervyn Dillon
West Indies,2004,Ian Bradshaw
West Indies,2004,Daren Sammy
West Indies,2004,Ryan Hinds
West Indies,2004,Corey Collymore
West Indies,2006,Chris Gayle
West Indies,2006,Shivnarine Chanderpaul
West Indies,2006,Brian Lara
West Indies,2006,Runako Morton
West Indies,2006,Marlon Samuels
West Indies,2006,Ramnaresh Sarwan
West Indies,2006,Dwayne Bravo
West Indies,2006,Dwayne Smith
West Indies,2006,Wavell Hinds
West Indies,2006,Carlton Baugh
West Indies,2006,Jerome Taylor
West Indies,2006,Ian Bradshaw
West Indies,2006,Corey Collymore
West Indies,2006,Fidel Edwards
West Indies,2009,Floyd Reifer
West Indies,2009,Royston Crandon
West Indies,2009,Travis Dowlin
West Indies,2009,Andre Fletcher
West Indies,2009,Kieran Powell
West Indies,2009,Dale Richards
West Indies,2009,Devon Smith
West Indies,2009,Chadwick Walton
West Indies,2009,Daren Sammy
West Indies,2009,Tino Best
West Indies,2009,Nikita Miller
West Indies,2009,Kemar Roach
West Indies,2009,Gavin Tonge
West Indies,2009,David Bernard
West Indies,2009,Kevin McClean
West Indies,2013,Denesh Ramdin
West Indies,2013,Darren Bravo
West Indies,2013,Johnson Charles
West Indies,2013,Marlon Samuels
West Indies,2013,Ramnaresh Sarwan
West Indies,2013,Devon Smith
West Indies,2013,Dwayne Bravo
West Indies,2013,Chris Gayle
West Indies,2013,Jason Holder
West Indies,2013,Sunil Narine
West Indies,2013,Kieron Pollard
West Indies,2013,Daren Sammy
West Indies,2013,Tino Best
West Indies,2013,Ravi Rampaul
West Indies,2013,Kemar Roach
Zimbabwe,1998,Alistair Campbell
Zimbabwe,1998,Grant Flower
Zimbabwe,1998,Neil Johnson
Zimbabwe,1998,Murray Goodwin
Zimbabwe,1998,Andy Flower
Zimbabwe,1998,Craig Evans
Zimbabwe,1998,Craig Wishart
Zimbabwe,1998,Heath Streak
Zimbabwe,1998,Paul Strang
Zimbabwe,1998,Andy Whittall
Zimbabwe,1998,Henry Olonga
Zimbabwe,2000,Alistair Campbell
Zimbabwe,2000,Andy Flower
Zimbabwe,2000,Gavin Rennie
Zimbabwe,2000,Mark Vermeulen
Zimbabwe,2000,Craig Wishart
Zimbabwe,2000,Heath Streak
Zimbabwe,2000,Grant Flower
Zimbabwe,2000,Dirk Viljoen
Zimbabwe,2000,Guy Whittall
Zimbabwe,2000,Pommie Mbangwa
Zimbabwe,2000,Mluleki Nkala
Zimbabwe,2000,Henry Olonga
Zimbabwe,2000,Paul Strang
Zimbabwe,2002,Alistair Campbell
Zimbabwe,2002,Dion Ebrahim
Zimbabwe,2002,Andy Flower
Zimbabwe,2002,Grant Flower
Zimbabwe,2002,Stuart Carlisle
Zimbabwe,2002,Guy Whittall
Zimbabwe,2002,Dougie Marillier
Zimbabwe,2002,Sean Ervine
Zimbabwe,2002,Heath Streak
Zimbabwe,2002,Douglas Hondo
Zimbabwe,2002,Pommie Mbangwa
Zimbabwe,2002,Ray Price
Zimbabwe,2004,Stuart Matsikenyeri
Zimbabwe,2004,Brendan Taylor
Zimbabwe,2004,Vusi Sibanda
Zimbabwe,2004,Dion Ebrahim
Zimbabwe,2004,Mark Vermeulen
Zimbabwe,2004,Tatenda Taibu
Zimbabwe,2004,Elton Chigumbura
Zimbabwe,2004,Tinashe Panyangara
Zimbabwe,2004,Prosper Utseya
Zimbabwe,2004,Douglas Hondo
Zimbabwe,2004,Ed Rainsford
Zimbabwe,2006,Tafadzwa Mufambisi
Zimbabwe,2006,Chamu Chibhabha
Zimbabwe,2006,Hamilton Masakadza
Zimbabwe,2006,Tawanda Mupariwa
Zimbabwe,2006,Brendan Taylor
Zimbabwe,2006,Stuart Matsikenyeri
Zimbabwe,2006,Elton Chigumbura
Zimbabwe,2006,Piet Rinke
Zimbabwe,2006,Prosper Utseya
Zimbabwe,2006,Anthony Ireland
Zimbabwe,2006,Ed Rainsford
Zimbabwe,2006,Tafadzwa Kamungozi
